rule_id,rule,body,head,head_coverage,std_confidence,pca_confidence,positive_examples,body_size,pca_body_size,functional_variable
1,?a parent ?b => ?a predecessor ?b,?a parent ?b,?a predecessor ?b,0.334302326,1.0,1.0,115,945,234,?b
2,?a father ?b => ?a predecessor ?b,?a father ?b,?a predecessor ?b,0.308139535,1.0,1.0,106,561,214,?b
3,?a mother ?b => ?a predecessor ?b,?a mother ?b,?a predecessor ?b,0.308139535,1.0,1.0,0,0,0,?b
4,?b successor ?a => ?a predecessor ?b,?b successor ?a,?a predecessor ?b,0.755813953,1.0,1.0,260,343,275,?b
5,?b child ?a => ?a predecessor ?b,?b child ?a  ?b successor ?a,?a predecessor ?b,0.290697674,1.0,1.0,100,127,103,?b
6,?b child ?a => ?a parent ?b,?b child ?a,?a mother ?b,0.389705882,1.0,1.0,159,1503,325,?a
7,?b spouse ?a => ?a spouse ?b,?b spouse ?a,?a spouse ?b,0.768335274,1.0,1.0,660,859,705,?a
8,?b parent ?a => ?a successor ?b,?b parent ?a,?a successor ?b,0.329446064,1.0,1.0,113,945,232,?a
9,?b predecessor ?a => ?a successor ?b,?b predecessor ?a,?a successor ?b,0.758017493,1.0,1.0,260,344,276,?a
10,?b father ?a => ?a successor ?b,?b father ?a,?a successor ?b,0.297376093,1.0,1.0,102,561,206,?a
11,?b successor ?a => ?a parent ?b,?b successor ?a,?a parent ?b,0.11957672,1.0,1.0,113,343,206,?b
12,?b child ?a => ?a parent ?b,?b child ?a,?a parent ?b,0.358730159,1.0,1.0,339,1503,1171,?b
13,?a predecessor ?b => ?a parent ?b,?a predecessor ?b,?a parent ?b,0.121693122,1.0,1.0,115,344,205,?b
14,?a mother ?b => ?a parent ?b,?a mother ?b,?a parent ?b,0.33015873,1.0,1.0,312,408,337,?b
15,?a father ?b => ?a parent ?b,?a father ?b,?a parent ?b,0.456084656,1.0,1.0,431,561,464,?b
16,?b predecessor ?a => ?a child ?b,?b predecessor ?a,?a child ?b,0.084497671,1.0,1.0,127,344,228,?b
17,?b father ?a => ?a child ?b,?b father ?a,?a child ?b,0.132401863,1.0,1.0,199,561,277,?b
18,?b mother ?a => ?a child ?b,?b mother ?a,?a child ?b,0.105788423,1.0,1.0,159,408,251,?b
19,?a successor ?b => ?a child ?b,?a successor ?b,?a child ?b,0.084497671,1.0,1.0,127,343,241,?b
20,?b parent ?a => ?a child ?b,?b parent ?a,?a child ?b,0.225548902,1.0,1.0,339,945,517,?b
21,?a father ?f ?b spouse ?f => ?a mother ?b,?a father ?f  ?b spouse ?f,?a mother ?b,0.585784314,1.0,1.0,239,424,318,?a
22,?a mother ?f ?f spouse ?b => ?a father ?b,?a parent ?f  ?f spouse ?b,?a mother ?b,0.546568627,1.0,1.0,223,691,520,?a
