rule_id,rule,body,head,head_coverage,std_confidence,pca_confidence,positive_examples,body_size,pca_body_size,functional_variable
1,?b child ?a => ?a parent ?b,?b child ?a,?a parent ?b,0.669189671,1.0,1.0,1503,1503,1503,?a
99,?b parent ?a => ?a child ?b,?b parent ?a,?a child ?b,0.666666666,1.0,1.0,500,500,100,?b
2,?a father ?b => ?a parent ?b,?a father ?b,?a parent ?b,0.249777382,1.0,1.0,561,561,561,?a
3,?a mother ?b => ?a parent ?b,?a mother ?b,?a parent ?b,0.181656278,1.0,1.0,408,408,408,?a
4,?b mother ?a ?b predecessor ?a => ?a successor ?b,?b mother ?a  ?b predecessor ?a,?a successor ?b,0.025936599,0.9,1.0,9,10,9,?a
5,?a mother ?f ?f spouse ?b => ?a parent ?b,?a mother ?f  ?f spouse ?b,?a parent ?b,0.126447017,0.895899054,0.895899054,284,317,317,?a
6,?a mother ?f ?b spouse ?f => ?a parent ?b,?a mother ?f  ?b spouse ?f,?a parent ?b,0.119768477,0.864951768,0.864951768,269,311,311,?a
7,?a mother ?b ?b successor ?a => ?a predecessor ?b,?a mother ?b  ?b successor ?a,?a predecessor ?b,0.025641026,0.818181818,1.0,9,11,9,?b
8,?a child ?b ?b predecessor ?a => ?a successor ?b,?a child ?b  ?b predecessor ?a,?a successor ?b,0.288184438,0.787401575,0.980392157,100,127,102,?a
9,?b child ?a ?b successor ?a => ?a predecessor ?b,?b child ?a  ?b successor ?a,?a predecessor ?b,0.284900285,0.787401575,0.970873786,100,127,103,?b
10,?b parent ?a ?b predecessor ?a => ?a successor ?b,?b parent ?a  ?b predecessor ?a,?a successor ?b,0.397694524,0.775280899,0.985714286,138,178,140,?a
11,?b spouse ?a => ?a spouse ?b,?b spouse ?a,?a spouse ?b,0.765317919,0.765317919,0.932394366,662,865,710,?a
12,?a father ?b ?b successor ?a => ?a predecessor ?b,?a father ?b  ?b successor ?a,?a predecessor ?b,0.222222222,0.764705882,0.975,78,102,80,?b
13,?a mother ?f ?f spouse ?b => ?a father ?b,?a mother ?f  ?f spouse ?b,?a father ?b,0.431372549,0.76340694,0.906367041,242,317,267,?a
14,?b successor ?a => ?a predecessor ?b,?b successor ?a,?a predecessor ?b,0.752136752,0.760806916,0.946236559,264,347,279,?b
15,?a parent ?b ?b successor ?a => ?a predecessor ?b,?a parent ?b  ?b successor ?a,?a predecessor ?b,0.393162393,0.758241758,0.958333333,138,182,144,?b
16,?b predecessor ?a => ?a successor ?b,?b predecessor ?a,?a successor ?b,0.760806916,0.752136752,0.936170213,264,351,282,?a
17,?b father ?a ?b predecessor ?a => ?a successor ?b,?b father ?a  ?b predecessor ?a,?a successor ?b,0.224783862,0.735849057,0.975,78,106,80,?a
18,?a mother ?f ?b spouse ?f => ?a father ?b,?a mother ?f  ?b spouse ?f,?a father ?b,0.404634581,0.729903537,0.890196078,227,311,255,?a
19,?e father ?b ?e mother ?a => ?a spouse ?b,?e father ?b  ?e mother ?a,?a spouse ?b,0.248554913,0.723905724,0.98173516,215,297,219,?a
20,?a father ?f ?b spouse ?f => ?a parent ?b,?a father ?f  ?b spouse ?f,?a parent ?b,0.13713268,0.717948718,0.717948718,308,429,429,?a
21,?b parent ?a ?b predecessor ?a => ?a child ?b,?b parent ?a  ?b predecessor ?a,?a child ?b,0.084497671,0.713483146,0.913669065,127,178,139,?b
22,?b parent ?a ?a successor ?b => ?a child ?b,?b parent ?a  ?a successor ?b,?a child ?b,0.084497671,0.697802198,0.875862069,127,182,145,?b
23,?a father ?f ?f spouse ?b => ?a parent ?b,?a father ?f  ?f spouse ?b,?a parent ?b,0.125556545,0.692874693,0.692874693,282,407,407,?a
24,?e father ?a ?e mother ?b => ?a spouse ?b,?e father ?a  ?e mother ?b,?a spouse ?b,0.231213873,0.673400673,0.943396226,200,297,212,?a
25,?b parent ?a => ?a child ?b,?b parent ?a,?a child ?b,1.0,0.669189671,0.869791667,1503,2246,1728,?b
26,?b father ?a ?b predecessor ?a => ?a child ?b,?b father ?a  ?b predecessor ?a,?a child ?b,0.044577512,0.632075472,0.893333333,67,106,75,?b
27,?a parent ?b ?a predecessor ?b => ?a father ?b,?a parent ?b  ?a predecessor ?b,?a father ?b,0.188948307,0.595505618,0.913793103,106,178,116,?a
28,?b father ?a ?a successor ?b => ?a child ?b,?b father ?a  ?a successor ?b,?a child ?b,0.03992016,0.588235294,0.833333333,60,102,72,?b
29,?a father ?f ?b spouse ?f => ?a mother ?b,?a father ?f  ?b spouse ?f,?a mother ?b,0.593137255,0.564102564,0.753894081,242,429,321,?a
30,?a parent ?b ?b successor ?a => ?a father ?b,?a parent ?b  ?b successor ?a,?a father ?b,0.181818182,0.56043956,0.902654867,102,182,113,?a
31,?a father ?f ?f spouse ?b => ?a mother ?b,?a father ?f  ?f spouse ?b,?a mother ?b,0.556372549,0.557739558,0.741830065,227,407,306,?a
32,?a parent ?f ?f spouse ?b => ?a parent ?b,?a parent ?f  ?f spouse ?b,?a parent ?b,0.43588602,0.537912088,0.537912088,979,1820,1820,?a
33,?a parent ?f ?b spouse ?f => ?a parent ?b,?a parent ?f  ?b spouse ?f,?a parent ?b,0.436776492,0.533732318,0.533732318,981,1838,1838,?a
34,?b child ?a ?a predecessor ?b => ?a father ?b,?b child ?a  ?a predecessor ?b,?a father ?b,0.11942959,0.527559055,0.930555556,67,127,72,?a
35,?b successor ?a => ?a parent ?b,?b successor ?a,?a parent ?b,0.081032947,0.524495677,0.577777778,182,347,315,?a
36,?a predecessor ?b ?b successor ?a => ?a parent ?b,?a predecessor ?b  ?b successor ?a,?a parent ?b,0.061442565,0.522727273,0.587234043,138,264,235,?a
37,?a predecessor ?b => ?a parent ?b,?a predecessor ?b,?a parent ?b,0.079252004,0.507122507,0.574193548,178,351,310,?a
38,?b child ?a ?b successor ?a => ?a father ?b,?b child ?a  ?b successor ?a,?a father ?b,0.106951872,0.472440945,0.909090909,60,127,66,?a
39,?e spouse ?b ?e successor ?a => ?a parent ?b,?e spouse ?b  ?e successor ?a,?a parent ?b,0.050756901,0.435114504,0.49137931,114,262,232,?a
40,?e child ?a ?e spouse ?b => ?a parent ?b,?e child ?a  ?e spouse ?b,?a parent ?b,0.253784506,0.426646707,0.426646707,570,1336,1336,?a
41,?f child ?a ?b spouse ?f => ?a parent ?b,?f child ?a  ?b spouse ?f,?a parent ?b,0.248441674,0.417664671,0.417664671,558,1336,1336,?a
42,?a predecessor ?f ?f spouse ?b => ?a parent ?b,?a predecessor ?f  ?f spouse ?b,?a parent ?b,0.048530721,0.416030534,0.488789238,109,262,223,?a
43,?b mother ?a => ?a child ?b,?b mother ?a,?a child ?b,0.105788423,0.389705882,0.633466135,159,408,251,?b
44,?b spouse ?f ?f successor ?a => ?a parent ?b,?b spouse ?f  ?f successor ?a,?a parent ?b,0.044968833,0.385496183,0.442982456,101,262,228,?a
45,?b predecessor ?a ?a successor ?b => ?a child ?b,?b predecessor ?a  ?a successor ?b,?a child ?b,0.066533599,0.378787879,0.558659218,100,264,179,?b
46,?a predecessor ?f ?b spouse ?f => ?a parent ?b,?a predecessor ?f  ?b spouse ?f,?a parent ?b,0.044968833,0.375464684,0.450892857,101,269,224,?a
47,?a successor ?b => ?a child ?b,?a successor ?b,?a child ?b,0.084497671,0.365994236,0.522633745,127,347,243,?b
48,?e mother ?b ?e predecessor ?a => ?a spouse ?b,?e mother ?b  ?e predecessor ?a,?a spouse ?b,0.07283237,0.36416185,0.617647059,63,173,102,?a
49,?b child ?f ?f mother ?a => ?a spouse ?b,?b child ?f  ?f mother ?a,?a spouse ?b,0.112138728,0.361940299,0.5,97,268,194,?a
50,?b predecessor ?a => ?a child ?b,?b predecessor ?a,?a child ?b,0.084497671,0.361823362,0.54978355,127,351,231,?b
51,?e mother ?a ?e parent ?b => ?a spouse ?b,?e mother ?a  ?e parent ?b,?a spouse ?b,0.29132948,0.35694051,0.488372093,252,706,516,?a
52,?b mother ?f ?a spouse ?f => ?a child ?b,?b mother ?f  ?a spouse ?f,?a child ?b,0.073852295,0.356913183,0.54950495,111,311,202,?b
53,?b mother ?f ?f spouse ?a => ?a child ?b,?b mother ?f  ?f spouse ?a,?a child ?b,0.075182967,0.356466877,0.553921569,113,317,204,?b
54,?b father ?a => ?a child ?b,?b father ?a,?a child ?b,0.132401863,0.354723708,0.718411552,199,561,277,?b
55,?a child ?f ?f mother ?b => ?a spouse ?b,?a child ?f  ?f mother ?b,?a spouse ?b,0.10982659,0.354477612,0.47979798,95,268,198,?a
56,?e mother ?a ?e predecessor ?b => ?a spouse ?b,?e mother ?a  ?e predecessor ?b,?a spouse ?b,0.070520231,0.352601156,0.488,61,173,125,?a
57,?f mother ?b ?a successor ?f => ?a spouse ?b,?f mother ?b  ?a successor ?f,?a spouse ?b,0.070520231,0.350574713,0.586538462,61,174,104,?a
58,?a child ?f ?f parent ?b => ?a spouse ?b,?a child ?f  ?f parent ?b,?a spouse ?b,0.313294798,0.336228288,0.445723684,271,806,608,?a
59,?e mother ?b ?e parent ?a => ?a spouse ?b,?e mother ?b  ?e parent ?a,?a spouse ?b,0.27283237,0.33427762,0.465483235,236,706,507,?a
60,?a child ?f ?f father ?b => ?a spouse ?b,?a child ?f  ?f father ?b,?a spouse ?b,0.106358382,0.332129964,0.455445545,92,277,202,?a
61,?b child ?f ?f parent ?a => ?a spouse ?b,?b child ?f  ?f parent ?a,?a spouse ?b,0.300578035,0.322580645,0.436241611,260,806,596,?a
62,?e parent ?a ?e parent ?b => ?a spouse ?b,?e parent ?a  ?e parent ?b,?a spouse ?b,0.704046243,0.3171875,0.472459271,609,1920,1289,?a
63,?e father ?b ?e parent ?a => ?a spouse ?b,?e father ?b  ?e parent ?a,?a spouse ?b,0.301734104,0.313701923,0.495256167,261,832,527,?a
64,?f mother ?a ?b successor ?f => ?a spouse ?b,?f mother ?a  ?b successor ?f,?a spouse ?b,0.062427746,0.310344828,0.45,54,174,120,?a
65,?b parent ?f ?a spouse ?f => ?a child ?b,?b parent ?f  ?a spouse ?f,?a child ?b,0.379241517,0.310119695,0.371335505,570,1838,1535,?b
66,?b parent ?f ?f spouse ?a => ?a child ?b,?b parent ?f  ?f spouse ?a,?a child ?b,0.369926813,0.305494505,0.364351245,556,1820,1526,?b
67,?a predecessor ?b => ?a father ?b,?a predecessor ?b,?a father ?b,0.188948307,0.301994302,0.522167488,106,351,203,?a
68,?b child ?f ?f father ?a => ?a spouse ?b,?b child ?f  ?f father ?a,?a spouse ?b,0.094797688,0.296028881,0.41,82,277,200,?a
69,?f child ?b ?a spouse ?f => ?a child ?b,?f child ?b  ?a spouse ?f,?a child ?b,0.262807718,0.295658683,0.295658683,395,1336,1336,?b
70,?e child ?b ?e spouse ?a => ?a child ?b,?e child ?b  ?e spouse ?a,?a child ?b,0.262142382,0.29491018,0.29491018,394,1336,1336,?b
71,?b successor ?a => ?a father ?b,?b successor ?a,?a father ?b,0.181818182,0.293948127,0.507462687,102,347,201,?a
72,?e father ?a ?e parent ?b => ?a spouse ?b,?e father ?a  ?e parent ?b,?a spouse ?b,0.275144509,0.286057692,0.460348162,238,832,517,?a
73,?b father ?f ?a spouse ?f => ?a child ?b,?b father ?f  ?a spouse ?f,?a child ?b,0.073852295,0.258741259,0.405109489,111,429,274,?b
74,?a parent ?b => ?a father ?b,?a parent ?b,?a father ?b,1.0,0.249777382,0.565524194,561,2246,992,?a
75,?b father ?f ?f spouse ?a => ?a child ?b,?b father ?f  ?f spouse ?a,?a child ?b,0.066533599,0.245700246,0.373134328,100,407,268,?b
76,?a predecessor ?f ?f spouse ?b => ?a mother ?b,?a predecessor ?f  ?f spouse ?b,?a mother ?b,0.154411765,0.240458015,0.473684211,63,262,133,?a
77,?e spouse ?b ?e successor ?a => ?a mother ?b,?e spouse ?b  ?e successor ?a,?a mother ?b,0.149509804,0.232824427,0.455223881,61,262,134,?a
78,?a predecessor ?f ?b spouse ?f => ?a mother ?b,?a predecessor ?f  ?b spouse ?f,?a mother ?b,0.149509804,0.226765799,0.451851852,61,269,135,?a
79,?a child ?f ?b child ?f => ?a spouse ?b,?a child ?f  ?b child ?f,?a spouse ?b,0.16300578,0.219284603,0.297468354,141,643,474,?a
80,?b spouse ?f ?f successor ?a => ?a mother ?b,?b spouse ?f  ?f successor ?a,?a mother ?b,0.132352941,0.20610687,0.418604651,54,262,129,?a
81,?a mother ?f ?b spouse ?f => ?a predecessor ?b,?a mother ?f  ?b spouse ?f,?a predecessor ?b,0.179487179,0.202572347,0.477272727,63,311,132,?b
82,?b mother ?f ?a spouse ?f => ?a successor ?b,?b mother ?f  ?a spouse ?f,?a successor ?b,0.175792507,0.196141479,0.448529412,61,311,136,?a
83,?f parent ?b ?a successor ?f => ?a spouse ?b,?f parent ?b  ?a successor ?f,?a spouse ?b,0.122543353,0.193784278,0.340836013,106,547,311,?a
84,?a mother ?f ?f spouse ?b => ?a predecessor ?b,?a mother ?f  ?f spouse ?b,?a predecessor ?b,0.173789174,0.192429022,0.480314961,61,317,127,?b
85,?e parent ?b ?e predecessor ?a => ?a spouse ?b,?e parent ?b  ?e predecessor ?a,?a spouse ?b,0.119075145,0.191449814,0.343333333,103,538,300,?a
86,?a father ?b => ?a predecessor ?b,?a father ?b,?a predecessor ?b,0.301994302,0.188948307,0.495327103,106,561,214,?b
87,?e parent ?a ?e predecessor ?b => ?a spouse ?b,?e parent ?a  ?e predecessor ?b,?a spouse ?b,0.114450867,0.18401487,0.26121372,99,538,379,?a
88,?e spouse ?a ?e successor ?b => ?a child ?b,?e spouse ?a  ?e successor ?b,?a child ?b,0.031936128,0.183206107,0.248704663,48,262,193,?b
89,?b father ?a => ?a successor ?b,?b father ?a,?a successor ?b,0.293948127,0.181818182,0.495145631,102,561,206,?a
90,?a parent ?b => ?a mother ?b,?a parent ?b,?a mother ?b,1.0,0.181656278,0.503082614,408,2246,811,?a
91,?f parent ?a ?b successor ?f => ?a spouse ?b,?f parent ?a  ?b successor ?f,?a spouse ?b,0.112138728,0.177330896,0.249357326,97,547,389,?a
92,?b mother ?f ?f spouse ?a => ?a successor ?b,?b mother ?f  ?f spouse ?a,?a successor ?b,0.155619597,0.170347003,0.432,54,317,125,?a
93,?a parent ?f ?f spouse ?b => ?a father ?b,?a parent ?f  ?f spouse ?b,?a father ?b,0.547237077,0.168681319,0.412634409,307,1820,744,?a
94,?a spouse ?f ?f successor ?b => ?a child ?b,?a spouse ?f  ?f successor ?b,?a child ?b,0.027944112,0.160305344,0.214285714,42,262,196,?b
95,?a parent ?f ?b spouse ?f => ?a mother ?b,?a parent ?f  ?b spouse ?f,?a mother ?b,0.693627451,0.153971708,0.418020679,283,1838,677,?a
96,?a parent ?f ?b spouse ?f => ?a father ?b,?a parent ?f  ?b spouse ?f,?a father ?b,0.502673797,0.153427639,0.379542396,282,1838,743,?a
97,?b predecessor ?f ?f spouse ?a => ?a child ?b,?b predecessor ?f  ?f spouse ?a,?a child ?b,0.02661344,0.152671756,0.225988701,40,262,177,?b
98,?a parent ?f ?f spouse ?b => ?a mother ?b,?a parent ?f  ?f spouse ?b,?a mother ?b,0.656862745,0.147252747,0.401197605,268,1820,668,?a
99,?b child ?f ?a successor ?f => ?a spouse ?b,?b child ?f  ?a successor ?f,?a spouse ?b,0.050867052,0.144736842,0.244444444,44,304,180,?a
100,?b predecessor ?f ?a spouse ?f => ?a child ?b,?b predecessor ?f  ?a spouse ?f,?a child ?b,0.023952096,0.133828996,0.196721311,36,269,183,?b
101,?b child ?a => ?a father ?b,?b child ?a,?a father ?b,0.354723708,0.132401863,0.56056338,199,1503,355,?a
102,?a child ?f ?b successor ?f => ?a spouse ?b,?a child ?f  ?b successor ?f,?a spouse ?b,0.046242775,0.131578947,0.181818182,40,304,220,?a
103,?b child ?f ?f predecessor ?a => ?a spouse ?b,?b child ?f  ?f predecessor ?a,?a spouse ?b,0.042774566,0.127586207,0.222891566,37,290,166,?a
104,?a child ?f ?f predecessor ?b => ?a spouse ?b,?a child ?f  ?f predecessor ?b,?a spouse ?b,0.041618497,0.124137931,0.174757282,36,290,206,?a
105,?b child ?a => ?a mother ?b,?b child ?a,?a mother ?b,0.389705882,0.105788423,0.489230769,159,1503,325,?a
106,?b child ?f ?a predecessor ?f => ?a parent ?b,?b child ?f  ?a predecessor ?f,?a parent ?b,0.012021371,0.104247104,0.120535714,27,259,224,?a
107,?b child ?f ?f successor ?a => ?a parent ?b,?b child ?f  ?f successor ?a,?a parent ?b,0.011130899,0.100401606,0.111607143,25,249,224,?a
